{"cameraMode":{"drawMode":0,"name":"Shaded","section":"Shading Mode"},"sceneLighting":true,"audioPlay":false,"sceneViewState":{"showFog":true,"showMaterialUpdate":false,"showSkybox":true,"showFlares":true,"showImageEffects":true,"showParticleSystems":true},"in2DMode":false,"pivot":{"x":-0.08273740112781525,"y":0.09468846023082733,"z":-0.05062708258628845},"rotation":{"x":0.07327397167682648,"y":0.06577403843402863,"z":-0.004843119531869888,"w":0.9951286911964417},"size":0.592941164970398,"orthographic":false}